{
  "v1_config": {
    "min_score": 65.0,
    "min_score_gap": 15.0,
    "ema_fast_period": 9,
    "ema_slow_period": 21,
    "adx_min": 20.0,
    "atr_min": 0.0,
    "atr_max": 50.0,
    "sl_atr_multiplier": 1.5,
    "risk_reward_ratio": 2.0,
    "swing_lookback": 10,
    "weight_ema": 20.0,
    "weight_price_ema": 10.0,
    "weight_adx": 15.0,
    "weight_structure": 20.0,
    "weight_swing": 10.0,
    "weight_atr": 10.0,
    "weight_candle": 5.0,
    "adx_rising": false,
    "ema_slope_alignment": false,
    "version": "v1"
  },
  "v2_config": {
    "min_score": 65.0,
    "min_score_gap": 15.0,
    "ema_fast_period": 9,
    "ema_slow_period": 21,
    "adx_min": 25.0,
    "atr_min": 0.0,
    "atr_max": 50.0,
    "sl_atr_multiplier": 1.5,
    "risk_reward_ratio": 2.5,
    "swing_lookback": 10,
    "weight_ema": 20.0,
    "weight_price_ema": 10.0,
    "weight_adx": 15.0,
    "weight_structure": 20.0,
    "weight_swing": 10.0,
    "weight_atr": 10.0,
    "weight_candle": 5.0,
    "adx_rising": true,
    "ema_slope_alignment": true,
    "version": "v2"
  },
  "v1_metrics": {
    "initial_balance": 1000.0,
    "final_balance": 610.5583633609399,
    "net_pnl": -389.4416366390601,
    "total_trades": 526,
    "win_trades": 160,
    "loss_trades": 366,
    "win_rate": 0.3041825095057034,
    "profit_factor": 1.0381135161371906,
    "max_drawdown": 396.51504617670867,
    "max_drawdown_pct": 0.3965150461767087,
    "expectancy": -0.740383339617985,
    "sharpe_ratio": 0.0,
    "trade_list": 526
  },
  "v2_metrics": {
    "initial_balance": 1000.0,
    "final_balance": 720.7453735612011,
    "net_pnl": -279.25462643879894,
    "total_trades": 308,
    "win_trades": 90,
    "loss_trades": 218,
    "win_rate": 0.2922077922077922,
    "profit_factor": 0.9571828990704593,
    "max_drawdown": 284.94956265862004,
    "max_drawdown_pct": 0.28494956265862004,
    "expectancy": -0.9066708650610356,
    "sharpe_ratio": 0.0,
    "trade_list": 308
  },
  "v1_stats": {
    "longs": 266,
    "shorts": 260,
    "sl_hits": 0,
    "tp_hits": 0,
    "signal_closes": 526,
    "eol_closes": 0,
    "avg_win": 3.071051057730087,
    "avg_loss": -1.2932458355006413,
    "avg_duration_h": 3.4334600760456273
  },
  "v2_stats": {
    "longs": 143,
    "shorts": 165,
    "sl_hits": 0,
    "tp_hits": 0,
    "signal_closes": 308,
    "eol_closes": 0,
    "avg_win": 4.185619912782242,
    "avg_loss": -1.8053061985870287,
    "avg_duration_h": 4.574675324675325
  },
  "rejected_analysis": {
    "total_rejected": 393,
    "rejected_wins": 122,
    "rejected_losses": 271
  }
}