{
  "v1_config": {
    "min_score": 65.0,
    "min_score_gap": 15.0,
    "ema_fast_period": 50,
    "ema_slow_period": 200,
    "adx_min": 20.0,
    "atr_min": 0.0,
    "atr_max": 50.0,
    "sl_atr_multiplier": 1.5,
    "risk_reward_ratio": 2.0,
    "swing_lookback": 10,
    "weight_ema": 20.0,
    "weight_price_ema": 10.0,
    "weight_adx": 15.0,
    "weight_structure": 20.0,
    "weight_swing": 10.0,
    "weight_atr": 10.0,
    "weight_candle": 5.0,
    "adx_rising": false,
    "ema_slope_alignment": false,
    "version": "v1"
  },
  "v2_config": {
    "min_score": 65.0,
    "min_score_gap": 15.0,
    "ema_fast_period": 9,
    "ema_slow_period": 21,
    "adx_min": 25.0,
    "atr_min": 0.0,
    "atr_max": 50.0,
    "sl_atr_multiplier": 1.5,
    "risk_reward_ratio": 2.5,
    "swing_lookback": 10,
    "weight_ema": 20.0,
    "weight_price_ema": 10.0,
    "weight_adx": 15.0,
    "weight_structure": 20.0,
    "weight_swing": 10.0,
    "weight_atr": 10.0,
    "weight_candle": 5.0,
    "adx_rising": true,
    "ema_slope_alignment": true,
    "version": "v2"
  },
  "v1_metrics": {
    "initial_balance": 1000.0,
    "final_balance": 526.315270915111,
    "net_pnl": -473.684729084889,
    "total_trades": 705,
    "win_trades": 246,
    "loss_trades": 459,
    "win_rate": 0.34893617021276596,
    "profit_factor": 1.051564059323477,
    "max_drawdown": 474.17584397588746,
    "max_drawdown_pct": 0.47417584397588747,
    "expectancy": -0.6718932327445234,
    "sharpe_ratio": 0.0,
    "trade_list": 705
  },
  "v2_metrics": {
    "initial_balance": 1000.0,
    "final_balance": 562.7957041672297,
    "net_pnl": -437.2042958327703,
    "total_trades": 527,
    "win_trades": 151,
    "loss_trades": 376,
    "win_rate": 0.286527514231499,
    "profit_factor": 0.9228348605699465,
    "max_drawdown": 443.7701640313011,
    "max_drawdown_pct": 0.4437701640313011,
    "expectancy": -0.8296096695118981,
    "sharpe_ratio": 0.0,
    "trade_list": 527
  },
  "v1_stats": {
    "longs": 336,
    "shorts": 369,
    "sl_hits": 340,
    "tp_hits": 154,
    "signal_closes": 210,
    "eol_closes": 1,
    "avg_win": 2.8412781110821843,
    "avg_loss": -1.448106266543918,
    "avg_duration_h": 2.4624113475177305
  },
  "v2_stats": {
    "longs": 256,
    "shorts": 271,
    "sl_hits": 324,
    "tp_hits": 97,
    "signal_closes": 106,
    "eol_closes": 0,
    "avg_win": 3.064340853643412,
    "avg_loss": -1.333528131257245,
    "avg_duration_h": 2.0906072106261857
  },
  "rejected_analysis": {
    "total_rejected": 610,
    "rejected_wins": 211,
    "rejected_losses": 399
  }
}