{
  "v1": {
    "by_score": {
      "70": {
        "trades": 383,
        "wins": 195,
        "losses": 188,
        "net_pnl": 256.8759312140091,
        "avg_pnl": 0.6706943373733919,
        "win_rate": 0.5091383812010444,
        "expectancy": 0.6706943373733919,
        "avg_realized_r": -0.3079348285767232
      },
      "75": {
        "trades": 97,
        "wins": 54,
        "losses": 43,
        "net_pnl": -237.87597552693848,
        "avg_pnl": -2.4523296446076133,
        "win_rate": 0.5567010309278351,
        "expectancy": -2.4523296446076133,
        "avg_realized_r": -0.8297272347197894
      },
      "80": {
        "trades": 56,
        "wins": 24,
        "losses": 32,
        "net_pnl": -278.95704460087956,
        "avg_pnl": -4.9813757964442775,
        "win_rate": 0.42857142857142855,
        "expectancy": -4.9813757964442775,
        "avg_realized_r": -0.8051003183124814
      },
      "85": {
        "trades": 91,
        "wins": 54,
        "losses": 37,
        "net_pnl": 63.18656153380909,
        "avg_pnl": 0.6943578190528471,
        "win_rate": 0.5934065934065934,
        "expectancy": 0.6943578190528471,
        "avg_realized_r": -0.9777750396867796
      },
      "90": {
        "trades": 103,
        "wins": 62,
        "losses": 41,
        "net_pnl": 290.42268276644955,
        "avg_pnl": 2.8196376967616463,
        "win_rate": 0.6019417475728155,
        "expectancy": 2.8196376967616463,
        "avg_realized_r": -0.8605899467191633
      },
      "65": {
        "trades": 54,
        "wins": 28,
        "losses": 26,
        "net_pnl": 8.204606031312132,
        "avg_pnl": 0.15193714872800243,
        "win_rate": 0.5185185185185185,
        "expectancy": 0.15193714872800243,
        "avg_realized_r": -0.3627847664878928
      }
    },
    "by_adx": {
      "25": {
        "trades": 159,
        "wins": 85,
        "losses": 74,
        "net_pnl": 230.63995949856394,
        "avg_pnl": 1.4505657830098362,
        "win_rate": 0.5345911949685535,
        "expectancy": 1.4505657830098362,
        "avg_realized_r": -0.41033962883204983
      },
      "35": {
        "trades": 103,
        "wins": 54,
        "losses": 49,
        "net_pnl": 124.17787139758676,
        "avg_pnl": 1.205610401918318,
        "win_rate": 0.5242718446601942,
        "expectancy": 1.205610401918318,
        "avg_realized_r": -0.5703998103523876
      },
      "50": {
        "trades": 21,
        "wins": 12,
        "losses": 9,
        "net_pnl": 72.7201219042465,
        "avg_pnl": 3.462862947821262,
        "win_rate": 0.5714285714285714,
        "expectancy": 3.462862947821262,
        "avg_realized_r": -0.5284695638009281
      },
      "40": {
        "trades": 50,
        "wins": 28,
        "losses": 22,
        "net_pnl": -190.6325161477719,
        "avg_pnl": -3.812650322955438,
        "win_rate": 0.56,
        "expectancy": -3.812650322955438,
        "avg_realized_r": -0.6373681394133601
      },
      "30": {
        "trades": 116,
        "wins": 67,
        "losses": 49,
        "net_pnl": 458.18411834897455,
        "avg_pnl": 3.949863089215298,
        "win_rate": 0.5775862068965517,
        "expectancy": 3.949863089215298,
        "avg_realized_r": -0.35089749958012
      },
      "15": {
        "trades": 50,
        "wins": 20,
        "losses": 30,
        "net_pnl": -321.83039437054515,
        "avg_pnl": -6.436607887410903,
        "win_rate": 0.4,
        "expectancy": -6.436607887410903,
        "avg_realized_r": -0.8831434736584914
      },
      "20": {
        "trades": 201,
        "wins": 105,
        "losses": 96,
        "net_pnl": -111.35124117477122,
        "avg_pnl": -0.5539862745013493,
        "win_rate": 0.5223880597014925,
        "expectancy": -0.5539862745013493,
        "avg_realized_r": -0.4170923244989299
      },
      "45": {
        "trades": 29,
        "wins": 18,
        "losses": 11,
        "net_pnl": -26.10978001881463,
        "avg_pnl": -0.9003372420280906,
        "win_rate": 0.6206896551724138,
        "expectancy": -0.9003372420280906,
        "avg_realized_r": -0.8351970710472448
      },
      "55": {
        "trades": 11,
        "wins": 7,
        "losses": 4,
        "net_pnl": 41.2649938927118,
        "avg_pnl": 3.7513630811556182,
        "win_rate": 0.6363636363636364,
        "expectancy": 3.7513630811556182,
        "avg_realized_r": -0.6327693368436101
      },
      "10": {
        "trades": 35,
        "wins": 16,
        "losses": 19,
        "net_pnl": -209.54509249836903,
        "avg_pnl": -5.987002642810544,
        "win_rate": 0.45714285714285713,
        "expectancy": -5.987002642810544,
        "avg_realized_r": -0.8324813838488934
      },
      "60": {
        "trades": 9,
        "wins": 5,
        "losses": 4,
        "net_pnl": 34.33872058595022,
        "avg_pnl": 3.8154133984389134,
        "win_rate": 0.5555555555555556,
        "expectancy": 3.8154133984389134,
        "avg_realized_r": -1.2685247919503229
      }
    },
    "by_ema_conflict": {
      "False": {
        "trades": 784,
        "wins": 417,
        "losses": 367,
        "net_pnl": 101.85676141776179,
        "avg_pnl": 0.1299193385430635,
        "win_rate": 0.5318877551020408,
        "expectancy": 0.1299193385430635,
        "avg_realized_r": -0.5136489641107678
      }
    },
    "by_side": {
      "LONG": {
        "trades": 365,
        "wins": 171,
        "losses": 194,
        "net_pnl": -751.8246320974121,
        "avg_pnl": -2.0597935125956495,
        "win_rate": 0.4684931506849315,
        "expectancy": -2.0597935125956495,
        "avg_realized_r": -0.4452888820692167
      },
      "SHORT": {
        "trades": 419,
        "wins": 246,
        "losses": 173,
        "net_pnl": 853.6813935151738,
        "avg_pnl": 2.0374257601794126,
        "win_rate": 0.5871121718377088,
        "expectancy": 2.0374257601794126,
        "avg_realized_r": -0.60415924033338
      }
    },
    "by_recency": {
      "0": {
        "trades": 761,
        "wins": 404,
        "losses": 357,
        "net_pnl": 210.8151056512463,
        "avg_pnl": 0.27702379192016596,
        "win_rate": 0.5308804204993429,
        "expectancy": 0.27702379192016596,
        "avg_realized_r": -0.5053148074272438
      },
      "10": {
        "trades": 23,
        "wins": 13,
        "losses": 10,
        "net_pnl": -108.95834423348451,
        "avg_pnl": -4.737319314499326,
        "win_rate": 0.5652173913043478,
        "expectancy": -4.737319314499326,
        "avg_realized_r": -0.8204974601859664
      }
    },
    "by_structure": {
      "bearish": {
        "trades": 290,
        "wins": 155,
        "losses": 135,
        "net_pnl": -314.4683064005965,
        "avg_pnl": -1.0843734703468844,
        "win_rate": 0.5344827586206896,
        "expectancy": -1.0843734703468844,
        "avg_realized_r": -0.5696231179732606
      },
      "bullish": {
        "trades": 494,
        "wins": 262,
        "losses": 232,
        "net_pnl": 416.32506781835826,
        "avg_pnl": 0.8427632951788628,
        "win_rate": 0.5303643724696356,
        "expectancy": 0.8427632951788628,
        "avg_realized_r": -0.47937021872210933
      }
    }
  },
  "v2": {
    "by_score": {
      "70": {
        "trades": 190,
        "wins": 99,
        "losses": 91,
        "net_pnl": -4.385648385500945,
        "avg_pnl": -0.023082359923689184,
        "win_rate": 0.5210526315789473,
        "expectancy": -0.023082359923689184,
        "avg_realized_r": -0.20948324658882728
      },
      "65": {
        "trades": 31,
        "wins": 16,
        "losses": 15,
        "net_pnl": 63.43500210845246,
        "avg_pnl": 2.0462903905952405,
        "win_rate": 0.5161290322580645,
        "expectancy": 2.0462903905952405,
        "avg_realized_r": -0.24335591083905594
      },
      "85": {
        "trades": 31,
        "wins": 12,
        "losses": 19,
        "net_pnl": -465.6546567267135,
        "avg_pnl": -15.021117958926242,