{
  "v1": {
    "by_score": {
      "70": {
        "trades": 470,
        "wins": 239,
        "losses": 231,
        "net_pnl": -111.1000063336079,
        "avg_pnl": -0.23638299219916573,
        "win_rate": 0.5085106382978724,
        "expectancy": -0.23638299219916573,
        "avg_realized_r": -0.4596898858170899
      },
      "75": {
        "trades": 126,
        "wins": 68,
        "losses": 58,
        "net_pnl": 119.63863301064927,
        "avg_pnl": 0.9495129604019783,
        "win_rate": 0.5396825396825397,
        "expectancy": 0.9495129604019783,
        "avg_realized_r": -0.7042876754286296
      },
      "80": {
        "trades": 73,
        "wins": 30,
        "losses": 43,
        "net_pnl": -154.93416283593405,
        "avg_pnl": -2.1223857922730693,
        "win_rate": 0.410958904109589,
        "expectancy": -2.1223857922730693,
        "avg_realized_r": -0.6523681376659323
      },
      "85": {
        "trades": 156,
        "wins": 99,
        "losses": 57,
        "net_pnl": 331.6660875157131,
        "avg_pnl": 2.1260646635622638,
        "win_rate": 0.6346153846153846,
        "expectancy": 2.1260646635622638,
        "avg_realized_r": -1.0107390393026088
      },
      "90": {
        "trades": 163,
        "wins": 98,
        "losses": 65,
        "net_pnl": 310.285146440265,
        "avg_pnl": 1.9035898554617485,
        "win_rate": 0.6012269938650306,
        "expectancy": 1.9035898554617485,
        "avg_realized_r": -0.9928118883922671
      },
      "65": {
        "trades": 65,
        "wins": 30,
        "losses": 35,
        "net_pnl": -93.69865433349823,
        "avg_pnl": -1.4415177589768957,
        "win_rate": 0.46153846153846156,
        "expectancy": -1.4415177589768957,
        "avg_realized_r": -0.5628969682145115
      }
    },
    "by_adx": {
      "25": {
        "trades": 222,
        "wins": 123,
        "losses": 99,
        "net_pnl": 282.31786735748193,
        "avg_pnl": 1.2717021052138826,
        "win_rate": 0.5540540540540541,
        "expectancy": 1.2717021052138826,
        "avg_realized_r": -0.625905013897663
      },
      "35": {
        "trades": 118,
        "wins": 57,
        "losses": 61,
        "net_pnl": -157.85068748101085,
        "avg_pnl": -1.3377176905170411,
        "win_rate": 0.4830508474576271,
        "expectancy": -1.3377176905170411,
        "avg_realized_r": -0.7000691892660091
      },
      "50": {
        "trades": 32,
        "wins": 19,
        "losses": 13,
        "net_pnl": 78.93687241689221,
        "avg_pnl": 2.4667772630278817,
        "win_rate": 0.59375,
        "expectancy": 2.4667772630278817,
        "avg_realized_r": -0.8896200040180072
      },
      "40": {
        "trades": 76,
        "wins": 41,
        "losses": 35,
        "net_pnl": -47.266556761438586,
        "avg_pnl": -0.6219283784399814,
        "win_rate": 0.5394736842105263,
        "expectancy": -0.6219283784399814,
        "avg_realized_r": -0.5042513931912673
      },
      "30": {
        "trades": 139,
        "wins": 72,
        "losses": 67,
        "net_pnl": 293.51276955168265,
        "avg_pnl": 2.111602658645199,
        "win_rate": 0.5179856115107914,
        "expectancy": 2.111602658645199,
        "avg_realized_r": -0.46267822170332074
      },
      "15": {
        "trades": 85,
        "wins": 47,
        "losses": 38,
        "net_pnl": -125.60225675144883,
        "avg_pnl": -1.4776736088405744,
        "win_rate": 0.5529411764705883,
        "expectancy": -1.4776736088405744,
        "avg_realized_r": -0.9086409875092384
      },
      "20": {
        "trades": 267,
        "wins": 145,
        "losses": 122,
        "net_pnl": 92.7341271357143,
        "avg_pnl": 0.34731882822364907,
        "win_rate": 0.5430711610486891,
        "expectancy": 0.34731882822364907,
        "avg_realized_r": -0.5346613477024023
      },
      "45": {
        "trades": 29,
        "wins": 17,
        "losses": 12,
        "net_pnl": -7.376112329361096,
        "avg_pnl": -0.25434870101245155,
        "win_rate": 0.5862068965517241,
        "expectancy": -0.25434870101245155,
        "avg_realized_r": -0.7086981880094152
      },
      "10": {
        "trades": 60,
        "wins": 27,
        "losses": 33,
        "net_pnl": -63.549551228161626,
        "avg_pnl": -1.059159187136027,
        "win_rate": 0.45,
        "expectancy": -1.059159187136027,
        "avg_realized_r": -0.8119749805871027
      },
      "55": {
        "trades": 18,
        "wins": 14,
        "losses": 4,
        "net_pnl": 130.5124584293757,
        "avg_pnl": 7.250692134965316,
        "win_rate": 0.7777777777777778,
        "expectancy": 7.250692134965316,
        "avg_realized_r": -0.5290768655115226
      },
      "60": {
        "trades": 6,
        "wins": 2,
        "losses": 4,
        "net_pnl": -30.310264578736344,
        "avg_pnl": -5.051710763122724,
        "win_rate": 0.3333333333333333,
        "expectancy": -5.051710763122724,
        "avg_realized_r": -1.4159934438187112
      },
      "5": {
        "trades": 1,
        "wins": 0,
        "losses": 1,
        "net_pnl": -44.20162229740217,
        "avg_pnl": -44.20162229740217,
        "win_rate": 0.0,
        "expectancy": -44.20162229740217,
        "avg_realized_r": -1.5247618274243233
      }
    },
    "by_ema_conflict": {
      "False": {
        "trades": 1053,
        "wins": 564,
        "losses": 489,
        "net_pnl": 401.8570434635873,
        "avg_pnl": 0.3816306205732073,
        "win_rate": 0.5356125356125356,
        "expectancy": 0.3816306205732073,
        "avg_realized_r": -0.6230029024986613
      }
    },
    "by_side": {
      "LONG": {
        "trades": 447,
        "wins": 203,
        "losses": 244,
        "net_pnl": -497.4443399709285,
        "avg_pnl": -1.1128508724181847,
        "win_rate": 0.4541387024608501,
        "expectancy": -1.1128508724181847,
        "avg_realized_r": -0.512567993818448
      },
      "SHORT": {
        "trades": 606,
        "wins": 361,
        "losses": 245,
        "net_pnl": 899.3013834345159,
        "avg_pnl": 1.4839956822351748,
        "win_rate": 0.5957095709570958,
        "expectancy": 1.4839956822351748,
        "avg_realized_r": -0.750322487299403
      }
    },
    "by_recency": {
      "0": {
        "trades": 1025,
        "wins": 549,
        "losses": 476,
        "net_pnl": 467.2350393229312,
        "avg_pnl": 0.4558390627540792,
        "win_rate": 0.535609756097561,
        "expectancy": 0.4558390627540792,
        "avg_realized_r": -0.6200758510444369
      },
      "10": {
        "trades": 28,
        "wins": 15,
        "losses": 13,
        "net_pnl": -65.37799585934391,
        "avg_pnl": -2.334928423547997,
        "win_rate": 0.5357142857142857,
        "expectancy": -2.334928423547997,
        "avg_realized_r": -0.7153879640226175
      }
    },
    "by_structure": {
      "bearish": {
        "trades": 418,
        "wins": 235,
        "losses": 183,
        "net_pnl": 240.69206685422253,
        "avg_pnl": 0.5758183417565133,
        "win_rate": 0.562200956937799,
        "expectancy": 0.5758183417565133,
        "avg_realized_r": -0.6902775954777384
      },
      "bullish": {
        "trades": 635,
        "wins": 329,
        "losses": 306,
        "net_pnl": 161.16497660936477,
        "avg_pnl": 0.2538031127706532,
        "win_rate": 0.5181102362204725,
        "expectancy": 0.2538031127706532,
        "avg_realized_r": -0.5837422913984095
      }
    }
  },
  "v2": {
    "by_score": {
      "70": {
        "trades": 247,
        "wins": 130,
        "losses": 117,
        "net_pnl": 184.500535721637,
        "avg_pnl": 0.7469657316665466,
        "win_rate": 0.5263157894736842,
        "expectancy": 0.7469657316665466,
        "avg_realized_r": -0.35763549572441683
      },
      "65": {
        "trades": 30,
        "wins": 14,
        "losses": 16,
        "net_pnl": 48.256697609858534,
        "avg_pnl": 1.6085565869952845,